pokemon_id,ability_id,slot
1,227,1
1,279,hidden
2,227,1
2,279,hidden
3,227,1
3,279,hidden
4,253,1
5,191,1
5,64,hidden
6,191,1
6,64,hidden
7,191,1
7,64,hidden
8,229,1
9,37,1
10,50,1
10,144,hidden
11,50,1
11,144,hidden
12,50,1
12,144,hidden
13,203,1
14,11,1
14,93,hidden
15,258,1
16,88,1
16,78,hidden
17,11,1
17,93,hidden
18,258,1
19,281,1
19,114,hidden
20,157,1
21,222,1
21,202,2
21,219,hidden
22,222,1
22,202,2
22,219,hidden
23,222,1
23,202,2
23,219,hidden
24,235,1
25,93,1
25,206,2
25,185,hidden
26,132,1
26,185,2
26,253,hidden
27,93,1
27,206,2
27,185,hidden
28,132,1
28,185,2
28,253,hidden
29,222,1
29,114,hidden
30,222,1
30,114,hidden
31,138,1
31,258,2
31,135,hidden
32,138,1
32,258,2
32,135,hidden
33,242,1
33,167,hidden
35,242,1
35,167,hidden
36,22,1
37,294,1
37,170,hidden
38,12,1
38,16,hidden
39,294,1
39,170,hidden
40,12,1
40,16,hidden
41,99,1
41,197,2
41,185,hidden
42,99,1
42,197,2
42,185,hidden
43,99,1
43,197,2
43,169,hidden
44,99,1
44,197,2
44,185,hidden
45,99,1
45,197,2
45,185,hidden
46,99,1
46,197,2
46,169,hidden
47,179,1
47,224,2
47,94,hidden
48,179,1
48,224,2
48,234,hidden
49,182,1
49,37,hidden
50,12,1
50,207,hidden
51,182,1
51,37,hidden
52,12,1
52,207,hidden
53,179,1
53,51,2
53,94,hidden
54,179,1
54,51,2
54,86,hidden
55,82,1
55,126,hidden
56,82,1
56,126,hidden
57,279,1
57,93,hidden
58,279,1
58,162,hidden
59,279,1
59,33,hidden
60,33,1
60,67,2
60,106,hidden
61,33,1
61,67,2
61,106,hidden
62,88,1
62,78,2
62,93,hidden
63,11,1
63,78,2
63,87,hidden
64,294,1
64,271,2
64,46,hidden
65,294,1
65,278,2
65,46,hidden
66,294,1
66,271,2
66,46,hidden
67,294,1
67,278,2
67,46,hidden
68,264,1
68,275,2
68,135,hidden
69,264,1
69,275,2
69,54,hidden
70,264,1
70,229,2
70,135,hidden
71,9,1
71,275,2
71,135,hidden
72,193,1
72,275,2
72,54,hidden
73,106,1
73,65,2
73,130,hidden
74,106,1
74,65,2
74,130,hidden
75,192,1
75,248,2
75,25,hidden
76,192,1
76,248,2
76,25,hidden
77,138,1
77,182,2
77,221,hidden
78,138,1
78,182,2
78,119,hidden
79,138,1
79,182,2
79,221,hidden
80,138,1
80,182,2
80,119,hidden
81,76,1
81,106,2
81,130,hidden
82,76,1
82,106,2
82,130,hidden
83,76,1
83,106,2
83,130,hidden
84,100,1
84,82,2
84,224,hidden
85,100,1
85,82,2
85,224,hidden
86,100,1
86,82,2
86,224,hidden
87,230,1
88,206,1
88,235,2
88,252,hidden
89,206,1
89,235,2
89,252,hidden
90,206,1
90,235,2
90,252,hidden
91,279,1
91,132,hidden
92,279,1
92,132,hidden
93,279,1
93,132,hidden
95,141,1
95,225,2
95,144,hidden
96,141,1
96,225,2
96,144,hidden
97,119,1
97,55,2
97,294,hidden
98,211,1
98,55,2
98,109,hidden
99,119,1
99,55,2
99,294,hidden
100,211,1
100,55,2
100,109,hidden
101,119,1
101,55,2
101,294,hidden
102,211,1
102,55,2
102,109,hidden
103,93,1
103,182,2
103,246,hidden
104,93,1
104,118,2
104,233,hidden
105,93,1
105,182,2
105,246,hidden
106,93,1
106,118,2
106,233,hidden
107,41,1
107,302,2
107,304,hidden
108,132,1
108,302,2
108,304,hidden
109,41,1
109,302,2
109,304,hidden
110,56,1
111,259,1
111,302,2
111,304,hidden
112,211,1
112,55,2
112,210,hidden
113,211,1
113,55,2
113,210,hidden
114,222,1
114,82,2
114,25,hidden
115,252,1
115,263,hidden
116,93,1
116,44,2
116,202,hidden
117,93,1
117,44,2
117,202,hidden
118,253,1
118,228,2
118,188,hidden
119,253,1
119,228,2
119,188,hidden
120,162,1
120,181,2
120,209,hidden
121,209,1
121,132,2
121,43,hidden
122,162,1
122,181,2
122,209,hidden
123,209,1
123,132,2
123,43,hidden
124,56,1
124,73,2
124,161,hidden
125,56,1
125,73,2
125,161,hidden
126,196,1
127,196,1
128,139,1
129,127,1
130,119,1
130,55,2
130,186,hidden
131,47,1
131,26,2
131,82,hidden
132,47,1
132,26,2
132,82,hidden
133,284,1
133,56,2
133,169,hidden
134,284,1
134,56,2
134,169,hidden
135,97,1
135,242,2
135,187,hidden
136,97,1
136,242,2
136,187,hidden
137,97,1
137,242,2
137,187,hidden
138,97,1
138,242,2
138,187,hidden
139,279,1
139,172,hidden
140,279,1
140,172,hidden
141,86,1
141,172,hidden
142,119,1
142,167,2
142,280,hidden
143,119,1
143,167,2
143,280,hidden
144,139,1
144,167,2
144,119,hidden
145,9,1
145,240,2
145,288,hidden
146,222,1
146,223,2
146,82,hidden
147,302,1
147,41,2
147,65,hidden
148,196,1
148,145,2
148,162,hidden
149,196,1
149,145,2
149,162,hidden
150,196,1
150,145,2
150,68,hidden
151,167,1
151,119,2
151,240,hidden
152,167,1
152,119,2
152,240,hidden
153,147,1
153,190,2
153,74,hidden
154,279,1
154,272,2
154,304,hidden
155,44,1
155,263,2
155,82,hidden
156,236,1
157,130,1
157,114,2
157,106,hidden
158,99,1
158,114,2
158,106,hidden
159,130,1
159,45,2
159,167,hidden
160,130,1
160,45,2
160,167,hidden
161,91,1
161,147,2
161,210,hidden
162,91,1
162,147,2
162,210,hidden
163,97,1
163,77,2
163,275,hidden
164,192,1
164,40,2
164,188,hidden
165,281,1
165,275,2
165,252,hidden
166,41,1
166,26,2
166,67,hidden
167,242,1
167,192,hidden
168,246,1
168,192,hidden
169,284,1
169,165,2
169,112,hidden
170,158,1
171,138,1
171,248,2
171,169,hidden
172,138,1
172,248,2
172,136,hidden
173,138,1
173,248,2
173,136,hidden
174,138,1
174,248,2
174,136,hidden
175,130,1
175,54,hidden
176,138,1
176,112,hidden
177,165,1
178,76,1
178,56,2
178,228,hidden
179,9,1
179,53,hidden
180,93,1
180,157,2
180,233,hidden
182,76,1
182,228,hidden
183,17,1
183,286,hidden
184,182,1
184,206,hidden
185,230,1
185,273,2
185,210,hidden
186,130,1
186,56,2
186,186,hidden
187,130,1
187,56,2
187,186,hidden
188,130,1
188,280,2
188,186,hidden
189,130,1
189,280,2
189,186,hidden
190,119,1
190,128,2
190,135,hidden
191,229,1
192,155,1
192,253,2
192,132,hidden
193,128,1
193,12,hidden
194,51,1
195,128,1
195,242,hidden
196,25,1
197,128,1
197,246,hidden
198,213,1
199,258,1
199,8,hidden
200,258,1
200,8,hidden
201,82,1
201,283,hidden
203,128,1
203,135,hidden
204,252,1
205,47,1
206,100,1
207,227,1
207,272,hidden
208,227,1
208,272,hidden
209,227,1
209,272,hidden
210,191,1
210,182,hidden
211,191,1
211,182,hidden
212,191,1
212,182,hidden
213,191,1
213,86,hidden
214,50,1
214,169,hidden
215,50,1
215,169,hidden
216,50,1
216,169,hidden
217,93,1
217,222,2
217,86,hidden
218,93,1
218,222,2
218,86,hidden
219,47,1
219,222,2
219,78,hidden
220,47,1
220,222,2
220,78,hidden
221,281,1
221,44,2
221,54,hidden
222,281,1
222,44,2
222,223,hidden
223,281,1
223,47,2
223,114,hidden
224,281,1
224,47,2
224,114,hidden
225,82,1
225,126,hidden
226,17,1
226,91,2
226,76,hidden
227,17,1
227,91,2
227,76,hidden
228,242,1
228,167,hidden
229,179,1
229,224,2
229,94,hidden
230,179,1
230,51,2
230,94,hidden
231,185,1
231,190,2
231,69,hidden
232,185,1
232,190,2
232,69,hidden
233,100,1
233,44,2
233,153,hidden
234,100,1
234,44,2
234,153,hidden
235,242,1
235,129,hidden
236,242,1
236,129,hidden
237,242,1
237,129,hidden
238,165,1
239,279,1
239,74,hidden
240,253,1
240,7,2
240,125,hidden
241,253,1
241,7,2
241,125,hidden
242,55,1
242,119,2
242,54,hidden
243,76,1
243,106,2
243,137,hidden
244,279,1
244,272,2
244,126,hidden
245,279,1
245,272,2
245,126,hidden
246,279,1
246,272,2
246,126,hidden
247,93,1
247,264,2
247,73,hidden
248,279,1
248,64,2
248,44,hidden
249,279,1
249,64,2
249,44,hidden
250,18,1
250,88,2
250,86,hidden
251,106,1
251,76,2
251,234,hidden
252,99,1
252,76,2
252,234,hidden
253,106,1
253,76,2
253,234,hidden
254,100,1
254,153,hidden
255,100,1
255,82,hidden
256,47,1
256,69,2
256,208,hidden
257,41,1
257,302,2
257,304,hidden
258,101,1
258,302,2
258,304,hidden
259,196,1
260,196,1
261,127,1
261,231,hidden
262,82,1
262,44,2
262,125,hidden
263,55,1
263,161,hidden
264,55,1
264,161,hidden
265,190,1
265,93,2
265,54,hidden
266,284,1
266,294,2
266,155,hidden
267,119,1
267,55,2
267,169,hidden
268,46,1
269,138,1
269,93,2
269,54,hidden
270,138,1
270,286,2
270,54,hidden
271,99,1
271,130,2
271,138,hidden
272,99,1
272,130,2
272,138,hidden
273,281,1
273,275,2
273,194,hidden
274,275,1
275,55,1
275,132,2
275,59,hidden
276,281,1
276,206,2
276,112,hidden
277,73,1
278,82,1
278,222,2
278,2,hidden
279,82,1
279,222,2
279,2,hidden
280,264,1
280,286,2
280,133,hidden
281,206,1
281,286,2
281,135,hidden
282,149,1
282,246,2
282,186,hidden
283,149,1
283,246,2
283,186,hidden
284,41,1
284,12,2
284,253,hidden
285,41,1
285,12,2
285,253,hidden
286,185,1
286,147,2
286,304,hidden
287,186,1
287,139,hidden
288,185,1
288,114,2
288,103,hidden
289,268,1
289,114,2
289,103,hidden
290,192,1
290,185,2
290,47,hidden
291,130,1
291,76,2
291,45,hidden
292,222,1
292,55,2
292,186,hidden
293,44,1
293,182,2
293,135,hidden
294,44,1
294,182,2
294,135,hidden
295,64,1
296,130,1
296,114,2
296,106,hidden
297,264,1
297,294,hidden
298,55,1
298,294,hidden
299,230,1
299,273,2
299,210,hidden
300,138,1
300,86,2
300,125,hidden
301,302,1
301,275,2
301,103,hidden
302,206,1
302,252,2
302,192,hidden
303,138,1
303,275,2
303,252,hidden
304,41,1
304,26,2
304,228,hidden
305,242,1
305,192,hidden
306,246,1
306,192,hidden
307,253,1
307,263,2
307,125,hidden
308,147,1
308,190,2
308,74,hidden
309,128,1
309,82,hidden
310,128,1
310,82,hidden
311,128,1
311,82,hidden
312,206,1
312,294,hidden
313,258,1
314,173,1
314,135,hidden
315,173,1
316,128,1
316,283,hidden
317,128,1
317,304,hidden
318,147,1
319,227,1
319,288,hidden
320,227,1
320,288,hidden
321,227,1
321,288,hidden
322,167,1
323,191,1
323,18,hidden
324,191,1
324,18,hidden
325,191,1
325,18,hidden
326,18,1
327,50,1
327,106,hidden
328,50,1
328,106,hidden
329,50,1
329,106,hidden
330,130,1
331,93,1
331,286,2
331,54,hidden
332,138,1
332,286,2
332,112,hidden
333,264,1
333,132,2
333,286,hidden
334,264,1
334,132,2
334,286,hidden
335,264,1
335,132,2
335,286,hidden
336,264,1
336,132,2
336,286,hidden
337,11,1
337,93,hidden
338,258,1
339,281,1
339,197,hidden
340,258,1
341,11,1
341,88,hidden
342,130,1
342,144,2
342,302,hidden
343,130,1
343,144,2
343,302,hidden
344,130,1
344,144,2
344,302,hidden
345,279,1
345,44,2
345,2,hidden
346,279,1
346,44,2
346,2,hidden
347,279,1
347,238,2
347,2,hidden
348,206,1
348,263,hidden
349,206,1
349,263,hidden
350,222,1
350,228,2
350,144,hidden
351,222,1
351,137,2
351,144,hidden
352,100,1
352,230,2
352,231,hidden
353,100,1
353,230,2
353,231,hidden
354,100,1
354,230,2
354,231,hidden
355,108,1
356,130,1
356,144,hidden
357,138,1
357,135,hidden
358,33,1
358,23,2
358,286,hidden
359,33,1
359,23,2
359,275,hidden
360,58,1
361,192,1
362,58,1
363,88,1
363,93,hidden
364,18,1
364,126,hidden
365,178,1
366,97,1
366,54,hidden
367,97,1
367,263,hidden
368,97,1
368,263,hidden
369,253,1
369,206,2
369,169,hidden
370,253,1
370,206,2
370,169,hidden
371,253,1
371,7,2
371,125,hidden
372,55,1
372,211,2
372,46,hidden
373,179,1
373,29,2
373,87,hidden
374,179,1
374,29,2
374,87,hidden
375,222,1
375,72,2
375,208,hidden
376,153,1
377,284,1
377,138,2
377,169,hidden
378,7,1
379,55,1
379,119,2
379,216,hidden
380,55,1
380,119,2
380,216,hidden
381,55,1
381,119,2
381,216,hidden
382,77,1
383,95,1
383,231,hidden
384,95,1
384,231,hidden
385,95,1
386,242,1
386,167,2
386,289,hidden
387,242,1
387,167,2
387,289,hidden
388,138,1
389,129,1
389,167,hidden
390,289,1
390,17,hidden
391,91,1
391,281,2
391,208,hidden
392,41,1
392,78,2
392,208,hidden
393,147,1
393,99,2
393,272,hidden
394,225,1
394,181,2
394,132,hidden
395,225,1
395,181,2
395,132,hidden
396,70,1
396,18,hidden
397,70,1
397,18,hidden
398,251,1
399,45,1
399,41,2
399,128,hidden
400,45,1
400,41,2
400,128,hidden
401,41,1
401,255,2
401,302,hidden
402,149,1
402,89,2
402,248,hidden
403,169,1
404,199,1
404,37,2
404,56,hidden
405,253,1
405,302,2
405,132,hidden
406,253,1
406,302,2
406,132,hidden
407,302,1
407,202,2
407,59,hidden
408,284,1
408,271,2
408,169,hidden
409,196,1
410,196,1
411,294,1
411,76,hidden
412,294,1
412,76,hidden
413,147,1
413,65,hidden
414,147,1
414,65,hidden
415,108,1
416,155,1
416,300,hidden
417,258,1
417,126,hidden
418,196,1
419,196,1
420,41,1
420,233,2
420,228,hidden
421,41,1
421,233,2
421,228,hidden
422,284,1
422,56,2
422,157,hidden
423,284,1
423,56,2
423,157,hidden
424,196,1
425,196,1
426,268,1
426,299,hidden
427,268,1
427,299,hidden
428,280,1
428,130,hidden
429,280,1
429,130,hidden
430,130,1
430,41,2
430,157,hidden
431,8,1
431,51,2
431,179,hidden
432,164,1
433,164,1
434,164,1
435,164,1
436,6,1
436,151,hidden
437,47,1
437,86,2
437,139,hidden
438,47,1
438,86,2
438,139,hidden
439,208,1
440,196,1
440,86,hidden
441,128,1
441,86,hidden
442,279,1
442,64,2
442,172,hidden
443,196,1
444,128,1
444,69,2
444,221,hidden
445,153,1
446,127,1
446,231,hidden
447,82,1
447,188,2
447,103,hidden
448,82,1
448,188,2
448,103,hidden
449,237,1
450,253,1
450,188,2
450,41,hidden
451,253,1
451,188,2
451,41,hidden
452,253,1
452,188,2
452,41,hidden
453,56,1
453,54,hidden
454,130,1
454,45,hidden
455,130,1
455,228,hidden
456,130,1
456,119,2
456,55,hidden
457,130,1
457,228,hidden
458,119,1
458,169,hidden
459,119,1
459,161,hidden
460,138,1
460,112,hidden
461,158,1
462,141,1
462,194,hidden
463,141,1
463,194,hidden
464,141,1
464,194,hidden
465,229,1
466,141,1
466,55,hidden
467,141,1
467,188,hidden
468,141,1
468,194,hidden
469,196,1
470,196,1
471,196,1
472,196,1
473,137,1
474,148,1
475,37,1
476,15,1
477,163,1
478,293,1
479,190,1
480,128,1
481,128,1
482,128,1
483,128,1
484,227,1
484,56,hidden
485,227,1
485,56,hidden
486,227,1
486,56,hidden
487,191,1
487,223,hidden
488,191,1
488,223,hidden
489,191,1
489,223,hidden
490,50,1
490,51,hidden
491,50,1
491,51,hidden
492,50,1
492,51,hidden
493,222,1
493,240,hidden
494,138,1
494,240,hidden
495,138,1
495,240,hidden
496,255,1
496,234,2
496,103,hidden
497,255,1
497,234,2
497,103,hidden
498,258,1
498,93,hidden
499,281,1
499,275,hidden
500,197,1
500,138,2
500,206,hidden
501,197,1
501,138,2
501,206,hidden
502,197,1
502,138,2
502,206,hidden
503,147,1
503,99,2
503,272,hidden
504,147,1
504,99,2
504,275,hidden
505,165,1
505,169,hidden
506,165,1
506,169,hidden
507,55,1
507,97,hidden
508,55,1
508,97,hidden
509,258,1
509,161,hidden
510,258,1
510,161,hidden
511,258,1
511,161,hidden
512,233,1
512,161,hidden
513,233,1
513,161,hidden
514,233,1
514,161,hidden
515,281,1
515,78,hidden
516,133,1
516,185,hidden
517,128,1
517,135,hidden
518,93,1
518,264,2
518,17,hidden
519,130,1
519,45,hidden
520,130,1
520,45,hidden
521,279,1
522,201,1
523,181,1
523,299,2
523,46,hidden
524,181,1
524,299,2
524,46,hidden
525,275,1
525,264,2
525,73,hidden
526,187,1
526,288,2
526,60,hidden
527,187,1
527,288,2
527,60,hidden
528,93,1
528,220,2
528,9,hidden
529,179,1
529,220,2
529,9,hidden
530,263,1
531,196,1
532,47,1
532,69,2
532,112,hidden
533,9,1
533,302,2
533,222,hidden
534,253,1
534,302,2
534,25,hidden
535,196,1
536,162,1
536,187,2
536,222,hidden
537,162,1
537,187,2
537,222,hidden
538,196,1
538,146,2
538,216,hidden
539,196,1
539,146,2
539,216,hidden
540,55,1
540,119,2
540,54,hidden
541,97,1
541,77,2
541,275,hidden
542,147,1
542,190,2
542,94,hidden
543,222,1
543,202,2
543,219,hidden
544,128,1
544,126,hidden
545,294,1
545,70,hidden
546,294,1
546,70,hidden
547,294,1
547,70,hidden
548,46,1
549,264,1
549,253,2
549,132,hidden
550,252,1
550,82,2
550,208,hidden
551,252,1
551,82,2
551,221,hidden
552,157,1
553,173,1
553,46,hidden
554,173,1
554,46,hidden
555,280,1
555,114,2
555,222,hidden
556,280,1
556,114,2
556,222,hidden
557,233,1
557,67,2
557,209,hidden
558,233,1
558,67,2
558,209,hidden
559,196,1
560,130,1
560,299,2
560,45,hidden
561,130,1
561,299,2
561,45,hidden
562,130,1
562,76,2
562,45,hidden
563,207,1
563,97,hidden
564,207,1
564,97,hidden
565,207,1
566,128,1
566,2,hidden
567,211,1
567,55,2
567,210,hidden
568,302,1
568,41,2
568,65,hidden
569,167,1
569,89,2
569,240,hidden
570,279,1
570,272,2
570,304,hidden
571,140,1
571,192,hidden
572,246,1
572,192,hidden
573,185,1
573,190,2
573,69,hidden
574,18,1
574,78,2
574,86,hidden
575,272,1
575,279,hidden
576,12,1
576,188,hidden
577,284,1
577,294,2
577,23,hidden
578,41,1
578,12,2
578,253,hidden
579,157,1
579,273,2
579,210,hidden
580,252,1
580,226,2
580,221,hidden
581,82,1
582,55,1
582,211,2
582,46,hidden
583,128,1
583,86,hidden
584,12,1
584,139,hidden
585,196,1
586,196,1
587,196,1
588,196,1
589,196,1
590,196,1
591,196,1
592,196,1
593,196,1
594,128,1
594,231,hidden
595,128,1
595,231,hidden
596,128,1
596,231,hidden
597,128,1
597,231,hidden
598,182,1
598,246,hidden
599,214,1
600,128,1
600,231,hidden
601,196,1
602,196,1
603,228,1
604,228,1
605,241,1
606,147,1
607,190,1
608,90,1
609,247,1
610,227,1
610,59,hidden
611,227,1
611,59,hidden
612,227,1
612,59,hidden
613,191,1
613,253,hidden
614,191,1
614,253,hidden
615,191,1
615,240,hidden
616,50,1
616,56,hidden
617,50,1
617,56,hidden
618,50,1
618,56,hidden
619,50,1
619,226,hidden
620,93,1
620,222,2
620,210,hidden
621,91,1
621,222,2
621,210,hidden
622,192,1
622,264,2
622,93,hidden
623,138,1
623,170,2
623,263,hidden
624,138,1
624,170,2
624,263,hidden
625,9,1
625,288,2
625,208,hidden
626,9,1
626,288,2
626,208,hidden
627,132,1
627,227,hidden
628,132,1
628,227,hidden
629,132,1
629,191,hidden
630,132,1
630,191,hidden
631,132,1
631,50,hidden
632,132,1
632,50,hidden
633,26,1
633,100,2
633,231,hidden
634,26,1
634,100,2
634,231,hidden
635,219,1
635,69,2
635,197,hidden
636,219,1
636,69,2
636,197,hidden
637,219,1
637,69,2
637,197,hidden
638,167,1
638,140,2
638,125,hidden
639,167,1
639,140,2
639,125,hidden
640,55,1
640,186,2
640,46,hidden
641,55,1
641,186,2
641,46,hidden
642,55,1
642,173,2
642,46,hidden
643,234,1
643,220,2
643,255,hidden
644,234,1
644,220,2
644,255,hidden
645,170,1
645,46,2
645,165,hidden
646,170,1
646,46,2
646,165,hidden
647,74,1
647,304,2
647,220,hidden
648,74,1
649,206,1
649,169,2
649,223,hidden
650,206,1
650,169,2
650,223,hidden
651,206,1
651,169,2
651,223,hidden
652,130,1
652,228,2
652,76,hidden
653,130,1
653,228,2
653,76,hidden
654,130,1
654,209,2
654,76,hidden
655,206,1
655,82,2
655,165,hidden
656,55,1
656,82,2
656,165,hidden
657,281,1
657,279,2
657,161,hidden
658,272,1
658,279,2
658,161,hidden
659,281,1
659,279,2
659,161,hidden
660,99,1
660,281,2
660,18,hidden
661,99,1
661,281,2
661,18,hidden
662,99,1
662,281,2
662,18,hidden
663,208,1
663,126,2
663,279,hidden
664,208,1
664,126,2
664,279,hidden
665,279,1
665,302,2
665,272,hidden
666,279,1
666,302,2
666,272,hidden
667,279,1
667,185,2
667,272,hidden
668,240,1
668,157,2
668,165,hidden
669,119,1
669,157,2
669,165,hidden
670,54,1
670,157,2
670,165,hidden
671,138,1
671,112,2
671,248,hidden
672,138,1
672,112,2
672,248,hidden
673,138,1
673,112,2
673,248,hidden
674,185,1
674,82,hidden
675,185,1
675,82,hidden
676,169,1
676,266,hidden
677,169,1
677,266,hidden
678,285,1
678,266,hidden
679,285,1
679,266,hidden
680,76,1
680,279,2
680,299,hidden
681,55,1
681,56,2
681,186,hidden
682,55,1
682,56,2
682,186,hidden
683,258,1
683,112,2
683,138,hidden
684,258,1
684,112,2
684,138,hidden
685,87,1
685,224,2
685,78,hidden
686,120,1
687,48,1
688,120,1
689,89,1
689,55,2
689,130,hidden
690,89,1
690,55,2
690,130,hidden
691,218,1
692,218,1
693,162,1
693,181,2
693,187,hidden
694,162,1
694,186,2
694,187,hidden
695,27,1
696,27,1
697,27,1
698,27,1
699,179,1
699,275,2
699,73,hidden
700,179,1
700,275,2
700,73,hidden
701,86,1
701,51,2
701,127,hidden
702,86,1
702,51,2
702,127,hidden
703,86,1
703,51,2
703,127,hidden
704,161,1
704,224,2
704,304,hidden
705,161,1
705,224,2
705,304,hidden
706,161,1
706,224,2
706,304,hidden
707,222,1
707,219,2
707,228,hidden
708,222,1
708,219,2
708,228,hidden
709,188,1
709,12,2
709,186,hidden
710,188,1
710,12,2
710,186,hidden
711,188,1
711,207,2
711,186,hidden
712,279,1
712,125,2
712,190,hidden
713,279,1
713,125,2
713,190,hidden
714,242,1
714,140,hidden
715,281,1
715,258,2
715,235,hidden
716,281,1
716,56,2
716,161,hidden
717,33,1
717,304,hidden
718,33,1
718,304,hidden
719,76,1
719,139,2
719,106,hidden
720,76,1
720,139,2
720,106,hidden
721,74,1
721,228,2
721,304,hidden
722,88,1
722,135,2
722,281,hidden
723,88,1
723,135,2
723,281,hidden
724,244,1
725,244,1
725,233,hidden
726,129,1
726,289,2
726,141,hidden
727,129,1
727,289,2
727,141,hidden
728,129,1
728,289,2
728,141,hidden
729,196,1
730,196,1
731,196,1
732,231,1
732,100,2
732,210,hidden
733,231,1
733,100,2
733,210,hidden
734,182,1
734,246,2
734,126,hidden
735,182,1
735,246,2
735,126,hidden
736,182,1
736,246,2
736,126,hidden
737,197,1
737,165,2
737,135,hidden
738,197,1
738,165,2
738,135,hidden
739,197,1
739,165,2
739,135,hidden
740,12,1
740,16,2
740,54,hidden
741,12,1
741,16,2
741,130,hidden
742,196,1
743,228,1
743,56,2
743,161,hidden
744,228,1
744,181,2
744,288,hidden
745,242,1
745,9,2
745,294,hidden
746,175,1
747,82,1
747,304,2
747,240,hidden
748,82,1
748,304,2
748,240,hidden
749,70,1
749,169,2
749,165,hidden
750,223,1
750,220,2
750,235,hidden
751,223,1
751,220,2
751,235,hidden
752,25,1
752,82,2
752,128,hidden
753,25,1
753,82,2
753,128,hidden
754,240,1
754,125,2
754,97,hidden
755,222,1
755,169,2
755,185,hidden
756,222,1
756,169,2
756,25,hidden
757,222,1
757,169,2
757,78,hidden
758,219,1
758,161,2
758,186,hidden
759,219,1
759,161,2
759,186,hidden
760,132,1
760,182,2
760,199,hidden
761,281,1
761,185,2
761,58,hidden
762,185,1
763,185,1
764,196,1
765,246,1
765,281,hidden
766,246,1
766,281,hidden
767,221,1
768,221,1
769,221,1
770,208,1
770,25,hidden
771,304,1
772,208,1
772,25,hidden
773,17,1
774,14,1
775,276,1
776,46,1
776,169,hidden
777,138,1
778,128,1
779,14,1
780,276,1
781,221,1
782,221,1
783,190,1
784,190,1
785,273,1
786,227,1
786,306,hidden
787,227,1
787,306,hidden
788,227,1
788,306,hidden
789,191,1
789,49,hidden
790,191,1
790,49,hidden
791,191,1
791,49,hidden
792,50,1
792,151,hidden
793,50,1
793,151,hidden
794,50,1
794,151,hidden
795,13,1
796,264,1
796,80,2
796,7,hidden
797,264,1
797,80,2
797,7,hidden
798,219,1
798,183,hidden
799,246,1
799,183,hidden
800,246,1
800,183,hidden
801,11,1
801,88,2
801,94,hidden
802,258,1
802,94,hidden
803,11,1
803,88,2
803,94,hidden
804,197,1
804,135,2
804,112,hidden
805,197,1
805,135,2
805,112,hidden
806,156,1
806,102,hidden
807,156,1
807,102,hidden
808,156,1
808,102,hidden
809,125,1
809,96,hidden
810,125,1
810,96,hidden
811,223,1
811,165,2
811,263,hidden
812,223,1
812,165,2
812,263,hidden
813,193,1
814,222,1
814,126,2
814,302,hidden
815,222,1
815,126,2
815,208,hidden
816,222,1
816,126,2
816,51,hidden
817,235,1
818,235,1
819,254,1
820,254,1
821,74,1
821,98,hidden
822,74,1
822,98,hidden
823,63,1
823,288,hidden
824,63,1
824,288,hidden
825,59,1
825,268,2
825,126,hidden
826,59,1
826,268,2
826,126,hidden
828,114,1
828,229,2
828,2,hidden
829,114,1
829,229,2
829,2,hidden
830,99,1
830,209,2
830,157,hidden
831,99,1
831,209,2
831,157,hidden
832,203,1
833,203,1
834,67,1
834,294,2
834,64,hidden
835,67,1
835,294,2
835,64,hidden
836,251,1
836,55,hidden
837,251,1
837,119,hidden
838,237,1
838,207,hidden
839,237,1
839,207,hidden
840,179,1
840,108,hidden
841,9,1
841,288,2
841,165,hidden
843,80,1
843,264,2
843,129,hidden
844,141,1
844,55,hidden
845,125,1
845,228,2
845,171,hidden
846,125,1
846,228,2
846,171,hidden
847,125,1
847,56,2
847,171,hidden
848,125,1
848,228,2
848,171,hidden
849,125,1
849,56,2
849,171,hidden
850,208,1
850,49,hidden
851,147,1
851,86,2
851,172,hidden
852,147,1
852,86,2
852,172,hidden
853,264,1
853,86,2
853,47,hidden
854,264,1
854,86,2
854,47,hidden
855,264,1
855,86,2
855,47,hidden
856,264,1
856,86,2
856,47,hidden
857,264,1
857,86,2
857,47,hidden
858,264,1
858,86,2
858,47,hidden
859,264,1
859,86,2
859,47,hidden
860,264,1
860,86,2
860,47,hidden
861,302,1
861,188,2
861,55,hidden
862,302,1
862,188,2
862,55,hidden
863,251,1
863,188,2
863,55,hidden
864,86,1
864,126,2
864,231,hidden
865,86,1
865,126,2
865,231,hidden
866,4,1
867,32,1
868,265,1
868,267,2
869,265,1
869,267,2
870,267,1
871,141,1
872,153,1
873,49,1
874,49,1
875,76,1
876,227,1
876,198,hidden
877,227,1
877,198,hidden
878,227,1
878,198,hidden
879,227,1
879,263,hidden
880,191,1
880,138,hidden
881,191,1
881,138,hidden
882,191,1
882,138,hidden
883,50,1
883,261,hidden
884,50,1
884,261,hidden
885,50,1
885,261,hidden
886,222,1
886,73,2
886,264,hidden
887,222,1
887,73,2
887,264,hidden
888,222,1
888,73,2
888,169,hidden
889,251,1
889,30,2
889,157,hidden
890,251,1
890,30,2
890,157,hidden
891,281,1
892,62,1
893,196,1
894,284,1
894,223,2
894,248,hidden
895,284,1
895,223,2
895,248,hidden
896,117,1
897,117,1
898,117,1
899,117,1
900,133,1
900,11,2
900,63,hidden
901,133,1
901,11,2
901,63,hidden
902,222,1
902,192,2
902,252,hidden
903,302,1
904,222,1
904,170,2
904,252,hidden
905,222,1
905,192,2
905,235,hidden
906,229,1
907,123,1
908,123,1
909,159,1
909,9,2
909,304,hidden
910,159,1
910,9,2
910,304,hidden
911,302,1
911,20,2
911,82,hidden
912,302,1
912,20,2
912,82,hidden
913,3,1
913,76,hidden
914,3,1
914,76,hidden
915,272,1
915,59,hidden
916,272,1
916,59,hidden
917,91,1
917,33,2
917,144,hidden
918,91,1
918,33,2
918,144,hidden
919,296,1
919,41,hidden
920,296,1
920,41,hidden
921,31,1
921,220,2
921,179,hidden
922,31,1
922,220,2
922,135,hidden
923,272,1
923,41,2
923,63,hidden
924,272,1
924,41,2
924,63,hidden
925,272,1
925,110,2
925,63,hidden
926,156,1
926,134,2
926,147,hidden
927,82,1
927,231,2
927,102,hidden
928,143,1
928,25,hidden
929,36,1
930,176,1
931,204,1
931,294,hidden
932,204,1
932,294,hidden
933,71,1
933,234,hidden
934,280,1
935,274,1
936,131,1
937,131,1
938,287,1
939,56,1
940,244,1
940,167,2
940,55,hidden
941,34,1
942,152,1
942,251,2
942,87,hidden
943,213,1
943,125,2
943,65,hidden
944,295,1
945,306,1
945,97,2
945,161,hidden
946,306,1
946,97,2
946,161,hidden
947,306,1
947,97,2
947,161,hidden
948,150,1
948,231,hidden
949,154,1
949,231,hidden
950,35,1
950,231,hidden
951,68,1
951,231,hidden
952,234,1
953,55,1
954,184,1
955,116,1
956,305,1
957,305,1
958,305,1
959,305,1
960,305,1
961,305,1
962,305,1
963,260,1
964,260,1
965,260,1
966,5,1
967,57,1
968,275,1
969,305,1
970,305,1
971,305,1
972,305,1
973,17,1
974,211,1
975,223,1
976,227,1
976,35,hidden
977,227,1
977,35,hidden
978,227,1
978,35,hidden
979,191,1
979,111,hidden
980,191,1
980,111,hidden
981,191,1
981,111,hidden
982,50,1
982,114,hidden
983,50,1
983,114,hidden
984,50,1
984,114,hidden
985,80,1
985,132,hidden
986,80,1
986,132,hidden
987,222,1
987,135,2
987,219,hidden
988,222,1
988,135,2
988,219,hidden
989,128,1
989,135,2
989,245,hidden
990,281,1
990,88,2
990,231,hidden
991,281,1
991,88,2
991,231,hidden
992,281,1
992,86,2
992,231,hidden
993,93,1
993,288,2
993,30,hidden
994,93,1
994,288,2
994,30,hidden
995,105,1
995,304,2
995,33,hidden
996,105,1
996,304,2
996,33,hidden
997,31,1
997,93,2
997,306,hidden
998,31,1
998,252,2
998,306,hidden
999,251,1
999,56,2
999,130,hidden
1000,251,1
1000,56,2
1000,130,hidden
1001,107,1
1001,54,hidden
1002,251,1
1002,51,hidden
1003,250,1
1003,146,2
1003,182,hidden
1004,250,1
1004,246,2
1004,182,hidden
1005,250,1
1005,246,2
1005,182,hidden
1006,205,1
1006,132,2
1006,306,hidden
1007,205,1
1007,132,2
1007,185,hidden
1008,205,1
1008,132,2
1008,253,hidden
1009,84,1
1009,258,2
1009,294,hidden
1010,84,1
1010,258,2
1010,294,hidden
1011,298,1
1012,130,1
1012,269,hidden
1013,130,1
1013,269,hidden
1014,54,1
1014,242,2
1014,220,hidden
1015,217,1
1015,129,2
1015,275,hidden
1016,217,1
1016,289,2
1016,275,hidden
1017,182,1
1017,199,2
1017,246,hidden
1018,182,1
1018,199,2
1018,246,hidden
1019,9,1
1019,275,hidden
1020,9,1
1020,275,hidden
1021,186,1
1021,139,hidden
1022,186,1
1022,139,hidden
1023,74,1
1023,233,2
1023,153,hidden
1024,74,1
1024,233,2
1024,153,hidden
1025,74,1
1025,233,2
1025,153,hidden
1026,208,1
1026,86,2
1026,2,hidden
1027,208,1
1027,86,2
1027,2,hidden
1028,208,1
1028,86,2
1028,2,hidden
1029,240,1
1029,206,2
1029,25,hidden
1030,280,1
1030,229,2
1030,215,hidden
1031,186,1
1031,262,hidden
1032,252,1
1032,263,hidden
1033,202,1
1033,40,2
1033,188,hidden
1034,48,1
1035,63,1
1035,98,hidden
1036,63,1
1036,98,hidden
1037,280,1
1037,25,hidden
1038,167,1
1038,150,hidden
1039,11,1
1039,290,hidden
1040,11,1
1040,290,hidden
1041,142,1
1042,301,1
1043,301,1
1044,82,1
1044,100,2
1044,154,hidden
1045,302,1
1045,100,2
1045,154,hidden
1046,166,1
1047,166,1
1048,169,1
1048,216,hidden
1049,169,1
1049,216,hidden
1050,17,1
1050,185,2
1050,170,hidden
1051,17,1
1051,242,2
1051,16,hidden
1052,76,1
1052,251,2
1052,170,hidden
1053,76,1
1053,188,2
1053,16,hidden
1054,194,1
1054,216,2
1054,257,hidden
1055,141,1
1055,126,2
1055,139,hidden
1056,141,1
1056,126,2
1056,139,hidden
1057,141,1
1057,126,2
1057,139,hidden
1058,61,1
1059,61,1
1060,92,1
1061,92,1
1062,128,1
1064,82,1
1065,113,1
1066,113,1
1067,272,1
1068,38,1
1069,168,1
1070,10,1
1071,243,1
1072,135,1
1073,195,1
1074,195,1
1075,138,1
1075,86,2
1075,125,hidden
1076,281,1
1076,169,2
1076,226,hidden
1077,206,1
1077,306,2
1077,135,hidden
1078,28,1
1079,130,1
1079,157,2
1079,165,hidden
1080,130,1
1080,157,2
1080,165,hidden
1081,128,1
1081,288,2
1081,209,hidden
1082,99,1
1082,130,2
1082,138,hidden
1083,179,1
1083,59,hidden
1084,161,1
1085,227,1
1085,151,hidden
1086,227,1
1086,151,hidden
1087,227,1
1087,151,hidden
1088,191,1
1088,234,hidden
1089,191,1
1089,234,hidden
1090,191,1
1090,234,hidden
1091,50,1
1091,112,hidden
1092,50,1
1092,112,hidden
1093,50,1
1093,112,hidden
1094,98,1
1094,132,2
1094,253,hidden
1095,177,1
1095,132,2
1095,253,hidden
1096,98,1
1096,132,2
1096,253,hidden
1097,47,1
1097,30,hidden
1098,47,1
1098,30,hidden
1099,281,1
1099,78,hidden
1100,281,1
1100,78,hidden
1101,242,1
1101,147,2
1101,223,hidden
1102,17,1
1102,147,2
1102,223,hidden
1103,17,1
1103,147,2
1103,223,hidden
1104,93,1
1104,264,2
1104,302,hidden
1105,94,1
1105,80,2
1105,275,hidden
1106,94,1
1106,80,2
1106,275,hidden
1107,302,1
1107,220,hidden
1108,24,1
1108,98,hidden
1109,44,1
1109,172,hidden
1110,44,1
1110,172,hidden
1111,21,1
1111,172,hidden
1112,138,1
1112,185,2
1112,206,hidden
1113,138,1
1113,185,2
1113,206,hidden
1114,138,1
1114,185,2
1114,169,hidden
1115,138,1
1115,185,2
1115,169,hidden
1116,200,1
1116,55,2
1116,141,hidden
1117,200,1
1117,55,2
1117,141,hidden
1118,200,1
1118,55,2
1118,141,hidden
1119,182,1
1119,246,hidden
1120,182,1
1120,186,hidden
1121,182,1
1121,186,hidden
1122,302,1
1122,242,2
1122,106,hidden
1123,122,1
1123,242,2
1123,106,hidden
1124,1,1
1124,17,2
1124,51,hidden
1125,1,1
1125,17,2
1125,51,hidden
1126,138,1
1126,93,2
1126,30,hidden
1127,138,1
1127,75,2
1127,30,hidden
1128,288,1
1128,2,2
1128,208,hidden
1129,288,1
1129,209,2
1129,208,hidden
1130,238,1
1130,126,hidden
1131,238,1
1131,126,hidden
1132,19,1
1133,19,1
1134,121,1
1134,56,2
1134,304,hidden
1135,279,1
1135,47,2
1135,220,hidden
1136,279,1
1136,47,2
1136,103,hidden
1137,88,1
1137,258,hidden
1138,100,1
1138,231,hidden
1139,233,1
1139,86,2
1139,18,hidden
1140,256,1
1140,86,2
1140,18,hidden
1141,165,1
1141,302,2
1141,2,hidden
1142,165,1
1142,302,2
1142,2,hidden
1143,165,1
1143,302,2
1143,2,hidden
1144,171,1
1144,54,2
1144,294,hidden
1145,171,1
1145,54,2
1145,294,hidden
1146,219,1
1146,222,2
1146,66,hidden
1147,45,1
1148,174,1
1149,174,1
1150,161,1
1150,214,hidden
1151,161,1
1151,77,hidden
1152,258,1
1152,304,hidden
1153,104,1
1153,294,hidden
1154,39,1
1154,296,hidden
1155,39,1
1155,296,hidden
1156,264,1
1156,31,hidden
1157,170,1
1157,31,hidden
1158,263,1
1158,202,2
1158,303,hidden
1159,253,1
1159,12,2
1159,169,hidden
1160,253,1
1160,16,2
1160,169,hidden
1161,165,1
1161,226,hidden
1162,234,1
1162,41,2
1162,45,hidden
1163,270,1
1163,299,hidden
1166,192,1
1166,82,2
1166,25,hidden
1167,99,1
1167,76,2
1167,234,hidden
1168,136,1
1168,180,2
1168,125,hidden
1169,190,1
1169,93,2
1169,54,hidden
1170,190,1
1170,93,2
1170,54,hidden
1171,25,1
1171,189,2
1171,128,hidden
1172,212,1
1173,212,1
1174,212,1
1175,212,1
1176,212,1
1177,212,1
1178,160,1
1179,160,1
1180,160,1
1181,160,1
1182,160,1
1183,160,1
1184,297,1
1184,188,hidden
1185,297,1
1185,188,hidden
1186,297,1
1186,188,hidden
1187,54,1
1188,93,1
1189,282,1
1190,85,1
1191,292,1
1192,249,1
1193,42,1
1194,212,1
1195,160,1
1196,81,1
1197,291,1
1198,212,1
1199,160,1
1200,124,1
1200,132,2
1200,181,hidden
1201,277,1
1201,146,hidden
1202,277,1
1202,146,hidden
1203,83,1
1203,75,hidden
1204,83,1
1204,86,hidden
1205,83,1
1205,275,hidden
1206,25,1
1206,79,hidden
1207,76,1
1207,79,hidden
1208,165,1
1208,79,hidden
1209,55,1
1209,79,hidden
1210,20,1
1210,55,2
1210,257,hidden
1211,124,1
1211,304,2
1211,181,hidden
1212,212,1
1213,212,1
1214,160,1
1215,160,1
1216,52,1
1217,232,1
1218,115,1
1219,239,1
